date,active_calories_kcal,cycling_distance_km,movement_distance
2015-08-02,0,0,1.6
2015-08-03,0,0,1.9
2015-08-04,0,0,2
2015-08-05,0,0,2.1
2015-08-06,0,0,1.3
2015-08-07,0,0,1.6
2015-08-08,0,0,3.2
2015-08-09,0,0,2.2
2015-08-10,0,0,1.8
2015-08-11,0,0,3
2015-08-12,0,0,1.5
2015-08-13,0,0,2.3
2015-08-14,0,0,2.2
2015-08-15,0,0,1.9
2015-08-16,0,0,1.1
2015-08-17,0,0,2.2
2015-08-18,0,0,2
2015-08-19,0,0,2.1
2015-08-20,0,0,2.1
2015-08-21,0,0,2.1
2015-08-22,0,0,3
2015-08-23,0,0,4.4
2015-08-24,0,0,1.3
2015-08-25,0,0,1.3
2015-08-26,0,0,2.8
2015-08-27,0,0,1.7
2015-08-28,0,0,2
2015-08-29,0,0,4.1
2015-08-30,0,0,5
2015-08-31,0,0,1.6
2015-09-01,0,0,1.3
2015-09-02,0,0,1.5
2015-09-03,0,0,1.9
2015-09-04,0,0,0.9
2015-09-05,0,0,1.9
2015-09-06,0,0,5.1
2015-09-07,0,0,1.5
2015-09-08,0,0,1.2
2015-09-09,0,0,1.2
2015-09-10,0,0,1.6
2015-09-11,0,0,1.9
2015-09-12,0,0,2.4
2015-09-13,0,0,2
2015-09-14,0,0,1.2
2015-09-15,0,0,1.2
2015-09-16,0,0,1.5
2015-09-17,0,0,2.3
2015-09-18,0,0,2
2015-09-19,0,0,1.6
2015-09-20,0,0,3.7
2015-09-21,0,0,2.5
2015-09-22,0,0,2.1
2015-09-23,0,0,2.2
2015-09-24,0,0,1.5
2015-09-25,0,0,1.2
2015-09-26,0,0,1.7
2015-09-27,0,0,1.1
2015-09-28,0,0,1.6
2015-09-29,0,0,1.4
2015-09-30,0,0,2.1
2015-10-01,0,0,1.6
2015-10-02,0,0,1.7
2015-10-03,0,0,1.8
2015-10-04,0,0,2.1
2015-10-05,0,0,1.9
2015-10-06,0,0,1.9
2015-10-07,0,0,1.9
2015-10-08,0,0,1.9
2015-10-09,0,0,1.8
2015-10-10,0,0,1.9
2015-10-11,0,0,1.1
2015-10-12,0,0,1.5
2015-10-13,0,0,1.3
2015-10-14,0,0,2.3
2015-10-15,0,0,1.6
2015-10-16,0,0,1.9
2015-10-17,0,0,1.8
2015-10-18,0,0,2.7
2015-10-19,0,0,1.7
2015-10-20,0,0,2.4
2015-10-21,0,0,1.5
2015-10-22,0,0,2.1
2015-10-23,0,0,2
2015-10-24,0,0,2.5
2015-10-25,0,0,0.7
2015-10-26,0,0,1.5
2015-10-27,0,0,2
2015-10-28,0,0,1.4
2015-10-29,0,0,2.2
2015-10-30,0,0,1.9
2015-10-31,0,0,2.4
2015-11-01,0,0,0.5
2015-11-02,0,0,2.3
2015-11-03,0,0,0.6
2015-11-04,0,0,0.5
2015-11-05,0,0,0.7
2015-11-06,0,0,2
2015-11-07,0,0,1.9
2015-11-08,0,0,0.7
2015-11-09,0,0,1.2
2015-11-10,0,0,0.6
2015-11-11,0,0,1.2
2015-11-12,0,0,1.3
2015-11-13,0,0,4
2015-11-14,0,0,4.3
2015-11-15,0,0,2.7
2015-11-16,0,0,3.4
2015-11-17,0,0,1
2015-11-18,0,0,1.2
2015-11-19,0,0,0.2
2015-11-20,0,0,3.2
2015-11-21,0,0,1.4
2015-11-22,0,0,0.9
2015-11-23,0,0,0.7
2015-11-24,0,0,0.9
2015-11-25,0,0,0.6
2015-11-26,0,0,1.5
2015-11-27,0,0,1
2015-11-28,0,0,1.1
2015-11-29,0,0,0.3
2015-11-30,0,0,0.9
2015-12-01,0,0,0.4
2015-12-02,0,0,1.2
2015-12-03,0,0,0.5
2015-12-04,0,0,0.6
2015-12-05,0,0,0.5
2015-12-06,0,0,0.2
2015-12-07,0,0,0.1
2015-12-08,0,0,1.4
2015-12-09,0,0,1.3
2015-12-10,0,0,1.1
2015-12-11,0,0,1.6
2015-12-12,0,0,1.9
2015-12-13,0,0,0.3
2015-12-14,0,0,1.2
2015-12-15,0,0,1.5
2015-12-16,0,0,0.7
2015-12-17,0,0,0.5
2015-12-18,0,0,1.8
2015-12-19,0,0,0.6
2015-12-20,0,0,0.4
2015-12-21,0,0,1.1
2015-12-22,0,0,0.7
2015-12-23,0,0,1.4
2015-12-24,0,0,0.3
2015-12-25,0,0,0.5
2015-12-26,0,0,0.8
2015-12-27,0,0,1.1
2015-12-28,0,0,2.2
2015-12-29,0,0,1.9
2015-12-30,0,0,1.1
2015-12-31,0,0,1.9
2016-01-01,0,0,1
2016-01-02,0,0,1.6
2016-01-03,0,0,0.4
2016-01-04,0,0,5.4
2016-01-05,0,0,6.4
2016-01-06,0,0,3.6
2016-01-07,0,0,3.6
2016-01-08,0,0,5.4
2016-01-09,0,0,5.6
2016-01-10,0,0,2.4
2016-01-11,0,0,2.6
2016-01-12,0,0,2.6
2016-01-13,0,0,3.4
2016-01-14,0,0,3.2
2016-01-15,0,0,5.7
2016-01-16,0,0,4.6
2016-01-17,0,0,1.8
2016-01-18,0,0,5.6
2016-01-19,0,0,4.3
2016-01-20,0,0,5.5
2016-01-21,0,0,6.2
2016-01-22,0,0,6.4
2016-01-23,0,0,9.5
2016-01-24,0,0,3.7
2016-01-25,0,0,5.7
2016-01-26,0,0,9.8
2016-01-27,0,0,7.7
2016-01-28,0,0,1.4
2016-01-29,0,0,3.2
2016-01-30,0,0,2.6
2016-01-31,0,0,2.5
2016-02-01,0,0,5
2016-02-02,0,0,3.6
2016-02-03,0,0,2.6
2016-02-04,0,0,4
2016-02-05,0,0,2
2016-02-06,0,0,5.1
2016-02-07,0,0,3.9
2016-02-08,0,0,5.5
2016-02-09,0,0,7.8
2016-02-10,0,0,0.7
2016-02-11,0,0,1.8
2016-02-12,0,0,3.9
2016-02-13,0,0,2.4
2016-02-14,0,0,2.6
2016-02-15,0,0,4.2
2016-02-16,0,0,3.7
2016-02-17,0,0,2.3
2016-02-18,0,0,3.3
2016-02-19,0,0,1.8
2016-02-20,0,0,3.7
2016-02-21,0,0,3.5
2016-02-22,0,0,2.7
2016-02-23,0,0,6.3
2016-02-24,0,0,6.2
2016-02-25,0,0,3.9
2016-02-26,0,0,2.9
2016-02-27,0,0,3.9
2016-02-28,0,0,1.3
2016-02-29,0,0,2.7
2016-03-01,0,0,3.8
2016-03-02,0,0,2.7
2016-03-03,0,0,3.8
2016-03-04,0,0,3.2
2016-03-05,0,0,2.2
2016-03-06,0,0,2.6
2016-03-07,0,0,1.4
2016-03-08,0,0,1.8
2016-03-09,0,0,0.9
2016-03-10,0,0,6.7
2016-03-11,0,0,3.4
2016-03-12,0,0,8
2016-03-13,0,0,7.1
2016-03-14,0,0,2.9
2016-03-15,0,0,2.8
2016-03-16,0,0,3.1
2016-03-17,0,0,2.3
2016-03-18,0,0,3
2016-03-19,0,0,3.3
2016-03-20,0,0,1.6
2016-03-21,0,0,3.4
2016-03-22,0,0,3.1
2016-03-23,0,0,3.5
2016-03-24,0,0,0.9
2016-03-25,0,0,2.1
2016-03-26,0,0,3.4
2016-03-27,0,0,2.3
2016-03-28,0,0,2.1
2016-03-29,0,0,3.9
2016-03-30,0,0,4.5
2016-03-31,0,0,6.6
2016-04-01,0,0,6.9
2016-04-02,0,0,3.9
2016-04-03,0,0,4.9
2016-04-04,0,0,3
2016-04-05,0,0,4.3
2016-04-06,0,0,2.1
2016-04-07,0,0,7.3
2016-04-08,0,0,2
2016-04-09,0,0,7
2016-04-10,0,0,5.9
2016-04-11,0,0,1.2
2016-04-12,0,0,5.6
2016-04-13,0,0,5.1
2016-04-14,0,0,4.7
2016-04-15,0,0,6.5
2016-04-16,0,0,4.9
2016-04-17,0,0,1.9
2016-04-18,0,0,1
2016-04-19,0,0,1.1
2016-04-20,0,0,0.9
2016-04-21,0,0,0.7
2016-04-22,0,0,1.5
2016-04-23,0,0,1.4
2016-04-24,0,0,1.4
2016-04-25,0,0,0.6
2016-04-26,0,0,0.9
2016-04-27,0,0,2
2016-04-28,0,0,0.6
2016-04-29,0,0,1.6
2016-04-30,0,0,0.7
2016-05-01,0,0,1.2
2016-05-02,0,0,0.8
2016-05-03,0,0,1.1
2016-05-04,0,0,0.9
2016-05-05,0,0,1.3
2016-05-06,0,0,0.9
2016-05-07,0,0,3.5
2016-05-08,0,0,1.3
2016-05-09,0,0,1.3
2016-05-10,0,0,1.6
2016-05-11,0,0,1.5
2016-05-12,0,0,0.9
2016-05-13,0,0,0.6
2016-05-14,0,0,1.3
2016-05-15,0,0,5.5
2016-05-16,0,0,0.9
2016-05-17,0,0,0.7
2016-05-18,0,0,0.9
2016-05-19,0,0,1.7
2016-05-20,0,0,7.7
2016-05-21,0,0,2.4
2016-05-22,0,0,1
2016-05-23,0,0,0.9
2016-05-24,0,0,1.1
2016-05-25,0,0,1.8
2016-05-26,0,0,0.8
2016-05-27,0,0,0.7
2016-05-28,0,0,0.8
2016-05-29,0,0,0.7
2016-05-30,0,0,0.9
2016-05-31,0,0,1.3
2016-06-01,0,0,1
2016-06-02,0,0,1.4
2016-06-03,0,0,1.2
2016-06-04,0,0,1.5
2016-06-05,0,0,1.2
2016-06-06,0,0,1.3
2016-06-07,0,0,1.5
2016-06-08,0,0,0.7
2016-06-09,0,0,0.5
2016-06-10,0,0,1.4
2016-06-11,0,0,2.3
2016-06-12,0,0,1.6
2016-06-13,0,0,1.5
2016-06-14,0,0,0.6
2016-06-15,0,0,1.3
2016-06-16,0,0,1.4
2016-06-17,0,0,1.4
2016-06-18,0,0,1.5
2016-06-19,0,0,0.3
2016-06-20,0,0,1.8
2016-06-21,0,0,0.4
2016-06-22,0,0,1.6
2016-06-23,0,0,1.2
2016-06-24,0,0,0.6
2016-06-25,0,0,1.1
2016-06-26,0,0,1.3
2016-06-27,0,0,1.3
2016-06-28,0,0,1.2
2016-06-29,0,0,1.1
2016-06-30,0,0,0.8
2016-07-01,0,0,0.9
2016-07-02,0,0,1.5
2016-07-03,0,0,0.6
2016-07-04,0,0,1.2
2016-07-05,0,0,0.8
2016-07-06,0,0,1.4
2016-07-07,0,0,1
2016-07-08,0,0,1.4
2016-07-09,0,0,0.9
2016-07-10,0,0,0.6
2016-07-11,0,0,1.2
2016-07-12,0,0,0.6
2016-07-13,0,0,1.3
2016-07-14,0,0,1.2
2016-07-15,0,0,1.6
2016-07-16,0,0,1.6
2016-07-17,0,0,2.3
2016-07-18,0,0,1
2016-07-19,0,0,1.3
2016-07-20,0,0,0.8
2016-07-21,0,0,1.2
2016-07-22,0,0,1.1
2016-07-23,0,0,1.5
2016-07-24,0,0,2.5
2016-07-25,0,0,1.4
2016-07-26,0,0,1.1
2016-07-27,0,0,0.9
2016-07-28,0,0,1.8
2016-07-29,0,0,5.9
2016-07-30,0,0,7
2016-07-31,0,0,1.7
2016-08-01,0,0,0.8
2016-08-02,0,0,0.7
2016-08-03,0,0,1.1
2016-08-04,0,0,0.8
2016-08-05,0,0,1.1
2016-08-06,0,0,1.1
2016-08-07,0,0,2.3
2016-08-08,0,0,1.2
2016-08-09,0,0,1.8
2016-08-10,0,0,1.2
2016-08-11,0,0,1.2
2016-08-12,0,0,1.2
2016-08-13,0,0,3
2016-08-14,0,0,1
2016-08-15,0,0,1.7
2016-08-16,0,0,1.1
2016-08-17,0,0,1.1
2016-08-18,0,0,1.4
2016-08-19,0,0,1.2
2016-08-20,0,0,1.6
2016-08-21,0,0,1
2016-08-22,0,0,1.1
2016-08-23,0,0,1.4
2016-08-24,0,0,1.2
2016-08-25,0,0,1.1
2016-08-26,0,0,1.2
2016-08-27,0,0,1
2016-08-28,0,0,1.6
2016-08-29,0,0,1.9
2016-08-30,0,0,3.9
2016-08-31,0,0,3.3
2016-09-01,0,0,6
2016-09-02,0,0,3
2016-09-03,0,0,5.5
2016-09-04,0,0,2.4
2016-09-05,0,0,2
2016-09-06,0,0,2.2
2016-09-07,0,0,1.1
2016-09-08,0,0,2.1
2016-09-09,0,0,4.6
2016-09-10,0,0,0.8
2016-09-11,0,0,2.5
2016-09-12,0,0,2.6
2016-09-13,0,0,2.9
2016-09-14,0,0,2.9
2016-09-15,0,0,2.2
2016-09-16,0,0,0.3
2016-09-17,0,0,3.4
2016-09-18,0,0,0.8
2016-09-19,0,0,1.6
2016-09-20,0,0,1.3
2016-09-21,0,0,0.9
2016-09-22,0,0,1.8
2016-09-23,0,0,1.7
2016-09-24,0,0,0.7
2016-09-25,0,0,2.4
2016-09-26,0,0,1.6
2016-09-27,0,0,1.8
2016-09-28,0,0,1.9
2016-09-29,0,0,1.4
2016-09-30,0,0,3.3
2016-10-01,0,0,2.6
2016-10-02,0,0,2.7
2016-10-03,0,0,1.7
2016-10-04,0,0,2.2
2016-10-05,0,0,1.6
2016-10-06,0,0,2.3
2016-10-07,0,0,1.6
2016-10-08,0,0,1.8
2016-10-09,0,0,0.3
2016-10-10,0,0,0
2016-10-11,0,0,1.8
2016-10-12,0,0,2.5
2016-10-13,0,0,2
2016-10-14,0,0,2.1
2016-10-15,0,0,0.9
2016-10-16,0,0,5
2016-10-17,0,0,1.5
2016-10-18,0,0,1
2016-10-19,0,0,2.1
2016-10-20,0,0,0.9
2016-10-21,0,0,1.9
2016-10-22,0,0,2.7
2016-10-23,0,0,1.1
2016-10-24,0,0,1.4
2016-10-25,0,0,0.7
2016-10-26,0,0,1.2
2016-10-27,0,0,1.1
2016-10-28,0,0,2.1
2016-10-29,0,0,2.9
2016-10-30,0,0,0.5
2016-10-31,0,0,1.4
2016-11-01,0,0,2.9
2016-11-02,0,0,2.4
2016-11-03,0,0,1.5
2016-11-04,0,0,5.8
2016-11-05,0,0,1.1
2016-11-06,0,0,2.3
2016-11-07,0,0,2.1
2016-11-08,0,0,0.6
2016-11-09,0,0,1.9
2016-11-10,0,0,2.6
2016-11-11,0,0,2
2016-11-12,0,0,5.4
2016-11-13,0,0,0.9
2016-11-14,0,0,1.3
2016-11-15,0,0,2.1
2016-11-16,0,0,3.3
2016-11-17,0,0,2
2016-11-18,0,0,3.5
2016-11-19,0,0,1.6
2016-11-20,0,0,1.6
2016-11-21,0,0,0.8
2016-11-22,0,0,2
2016-11-23,0,0,1.9
2016-11-24,0,0,2.2
2016-11-25,0,0,1.7
2016-11-26,0,0,1.1
2016-11-27,0,0,0.8
2016-11-28,0,0,0.6
2016-11-29,0,0,1.7
2016-11-30,0,0,2.7
2016-12-01,0,0,1.2
2016-12-02,0,0,2.1
2016-12-03,0,0,1.1
2016-12-04,0,0,1.7
2016-12-05,0,0,2.1
2016-12-06,0,0,2.3
2016-12-07,0,0,1.6
2016-12-08,0,0,1.7
2016-12-09,0,0,1.6
2016-12-10,0,0,1.4
2016-12-11,0,0,0.9
2016-12-12,0,0,1.2
2016-12-13,0,0,0.8
2016-12-14,0,0,2
2016-12-15,0,0,0.5
2016-12-16,0,0,1.4
2016-12-17,0,0,1.1
2016-12-18,0,0,1.4
2016-12-19,0,0,1.9
2016-12-20,0,0,0.9
2016-12-21,0,0,1.7
2016-12-22,0,0,0.6
2016-12-23,0,0,0.7
2016-12-24,0,0,0.2
2016-12-25,0,0,0.2
2016-12-26,0,0,0.4
2016-12-27,0,0,0.1
2016-12-28,0,0,0.6
2016-12-29,0,0,0.3
2016-12-30,0,0,3
2016-12-31,0,0,3.2
2017-01-01,0,0,2.5
2017-01-02,0,0,2
2017-01-03,0,0,2.3
2017-01-04,0,0,2.2
2017-01-05,0,0,1.7
2017-01-06,0,0,2.5
2017-01-07,0,0,1.6
2017-01-08,0,0,1
2017-01-09,0,0,2.8
2017-01-10,0,0,2.3
2017-01-11,0,0,2.9
2017-01-12,0,0,1.9
2017-01-13,0,0,1.9
2017-01-14,0,0,2.9
2017-01-15,0,0,1.7
2017-01-16,0,0,1.9
2017-01-17,0,0,2.5
2017-01-18,0,0,1
2017-01-19,0,0,2.1
2017-01-20,0,0,2.5
2017-01-21,0,0,3.6
2017-01-22,0,0,0.5
2017-01-23,0,0,1.6
2017-01-24,0,0,1.5
2017-01-25,0,0,1.5
2017-01-26,0,0,2.1
2017-01-27,0,0,2
2017-01-28,0,0,2.5
2017-01-29,0,0,1.2
2017-01-30,0,0,1.6
2017-01-31,0,0,1.4
2017-02-01,0,0,3.3
2017-02-02,0,0,2.7
2017-02-03,0,0,0.8
2017-02-04,0,0,4
2017-02-05,0,0,0.9
2017-02-06,0,0,2.5
2017-02-07,0,0,1.6
2017-02-08,0,0,2.3
2017-02-09,0,0,1.5
2017-02-10,0,0,3
2017-02-11,0,0,3.4
2017-02-12,0,0,0.2
2017-02-13,0,0,1.6
2017-02-14,0,0,2
2017-02-15,0,0,5.5
2017-02-16,0,0,2.3
2017-02-17,0,0,2.9
2017-02-18,0,0,3.2
2017-02-19,0,0,5.7
2017-02-20,0,0,3
2017-02-21,0,0,2.1
2017-02-22,0,0,2.5
2017-02-23,0,0,3.8
2017-02-24,0,0,1.4
2017-02-25,0,0,2
2017-02-26,0,0,0.3
2017-02-27,0,0,1.5
2017-02-28,0,0,0.6
2017-03-01,0,0,1.4
2017-03-02,0,0,1.6
2017-03-03,0,0,4.9
2017-03-04,0,0,1.9
2017-03-05,0,0,1
2017-03-06,0,0,1.6
2017-03-07,0,0,1.7
2017-03-08,0,0,2.1
2017-03-09,0,0,1.6
2017-03-10,0,0,2.4
2017-03-11,0,0,4.1
2017-03-12,0,0,1.4
2017-03-13,0,0,2.6
2017-03-14,0,0,2
2017-03-15,0,0,2.1
2017-03-16,0,0,2.5
2017-03-17,0,0,2.3
2017-03-18,0,0,1.4
2017-03-19,0,0,1.5
2017-03-20,0,0,2.2
2017-03-21,0,0,2.9
2017-03-22,0,0,1.5
2017-03-23,0,0,2.7
2017-03-24,0,0,1.9
2017-03-25,0,0,2
2017-03-26,0,0,2.2
2017-03-27,0,0,1.2
2017-03-28,0,0,1.8
2017-03-29,0,0,1.8
2017-03-30,0,0,1.4
2017-03-31,0,0,3.6
2017-04-01,0,0,2.8
2017-04-02,0,0,1
2017-04-03,0,0,2.1
2017-04-04,0,0,2.2
2017-04-05,0,0,2.2
2017-04-06,0,0,3.2
2017-04-07,0,0,4
2017-04-08,0,0,0.9
2017-04-09,0,0,0.9
2017-04-10,0,0,2
2017-04-11,0,0,1.2
2017-04-12,0,0,3
2017-04-13,0,0,3.3
2017-04-14,0,0,2.4
2017-04-15,0,0,0.5
2017-04-16,0,0,1.4
2017-04-17,0,0,0.9
2017-04-18,0,0,1.8
2017-04-19,0,0,2.2
2017-04-20,0,0,2.1
2017-04-21,0,0,4.3
2017-04-22,0,0,2.5
2017-04-23,0,0,4.2
2017-04-24,0,0,4.9
2017-04-25,0,0,0.8
2017-04-26,0,0,0.1
2017-04-27,0,0,1.2
2017-04-28,0,0,1.6
2017-04-29,0,0,2.7
2017-04-30,0,0,2.5
2017-05-01,0,0,2.1
2017-05-02,0,0,2.2
2017-05-03,0,0,2.2
2017-05-04,0,0,3
2017-05-05,0,0,1.6
2017-05-06,0,0,1.8
2017-05-07,0,0,2.9
2017-05-08,0,0,1.3
2017-05-09,0,0,1.7
2017-05-10,0,0,1.8
2017-05-11,0,0,2.3
2017-05-12,0,0,2
2017-05-13,0,0,2.2
2017-05-14,0,0,1.2
2017-05-15,0,0,2.3
2017-05-16,0,0,0.3
2017-05-17,0,0,2.1
2017-05-18,0,0,2.3
2017-05-19,0,0,1.6
2017-05-20,0,0,4
2017-05-21,0,0,1
2017-05-22,0,0,1.8
2017-05-23,0,0,1.9
2017-05-24,0,0,0.2
2017-05-25,0,0,1.3
2017-05-26,0,0,4.6
2017-05-27,0,0,4.8
2017-05-28,0,0,3.7
2017-05-29,0,0,1.8
2017-05-30,0,0,2.5
2017-05-31,0,0,1.2
2017-06-01,0,0,3.8
2017-06-02,0,0,3.5
2017-06-03,0,0,2
2017-06-04,0,0,3.1
2017-06-05,0,0,3.8
2017-06-06,0,0,4.1
2017-06-07,0,0,2.2
2017-06-08,0,0,1.7
2017-06-09,0,0,2.9
2017-06-10,0,0,0.7
2017-06-11,0,0,3.1
2017-06-12,0,0,1.9
2017-06-13,0,0,2.7
2017-06-14,0,0,3.9
2017-06-15,0,0,3.5
2017-06-16,0,0,2.5
2017-06-17,0,0,3.2
2017-06-18,0,0,2.5
2017-06-19,0,0,3.1
2017-06-20,0,0,4.6
2017-06-21,0,0,3.5
2017-06-22,0,0,3.2
2017-06-23,0,0,2.2
2017-06-24,0,0,5.9
2017-06-25,0,0,5.7
2017-06-26,0,0,3.7
2017-06-27,0,0,3.4
2017-06-28,0,0,3.5
2017-06-29,0,0,3.3
2017-06-30,0,0,4.6
2017-07-01,0,0,2.7
2017-07-02,0,0,2
2017-07-03,0,0,5.3
2017-07-04,0,0,3.4
2017-07-05,0,0,3.6
2017-07-06,0,0,3
2017-07-07,0,0,5
2017-07-08,0,0,3.3
2017-07-09,0,0,1.7
2017-07-10,0,0,2.8
2017-07-11,0,0,3.3
2017-07-12,0,0,3.3
2017-07-13,0,0,2.6
2017-07-14,0,0,3.5
2017-07-15,0,0,4
2017-07-16,0,0,3.8
2017-07-17,0,0,3.7
2017-07-18,0,0,2.5
2017-07-19,0,0,3.3
2017-07-20,0,0,2.3
2017-07-21,0,0,2.8
2017-07-22,0,0,4.4
2017-07-23,0,0,1.6
2017-07-24,0,0,5.7
2017-07-25,0,0,3.7
2017-07-26,0,0,4.4
2017-07-27,0,0,4.7
2017-07-28,0,0,3.5
2017-07-29,0,0,6.1
2017-07-30,0,0,2
2017-07-31,0,0,3.9
2017-08-01,0,0,5.1
2017-08-02,0,0,4.1
2017-08-03,0,0,4.5
2017-08-04,0,0,3.4
2017-08-05,0,0,3.8
2017-08-06,0,0,2.3
2017-08-07,0,0,1.3
2017-08-08,0,0,3.8
2017-08-09,0,0,3
2017-08-10,0,0,3.9
2017-08-11,0,0,5.6
2017-08-12,0,0,2.9
2017-08-13,0,0,3.1
2017-08-14,0,0,2.9
2017-08-15,0,0,5.2
2017-08-16,0,0,2.5
2017-08-17,0,0,3.2
2017-08-18,0,0,4.1
2017-08-19,0,0,7.1
2017-08-20,0,0,1.3
2017-08-21,0,0,3.7
2017-08-22,0,0,3.7
2017-08-23,0,0,4
2017-08-24,0,0,3.5
2017-08-25,0,0,4.2
2017-08-26,0,0,4
2017-08-27,0,0,1.1
2017-08-28,0,0,3.1
2017-08-29,0,0,3.8
2017-08-30,0,0,3.8
2017-08-31,0,0,2.2
2017-09-01,0,0,3
2017-09-02,0,0,3
2017-09-03,0,0,3.2
2017-09-04,0,0,6.9
2017-09-05,0,0,2.4
2017-09-06,0,0,1.8
2017-09-07,0,0,2.3
2017-09-08,0,0,3.1
2017-09-09,0,0,2.9
2017-09-10,0,0,2.8
2017-09-11,0,0,2.7
2017-09-12,0,0,2.3
2017-09-13,0,0,2.4
2017-09-14,0,0,2.6
2017-09-15,0,0,4.1
2017-09-16,0,0,3.4
2017-09-17,0,0,1
2017-09-18,0,0,2.5
2017-09-19,0,0,2.9
2017-09-20,0,0,1.3
2017-09-21,0,0,2.8
2017-09-22,0,0,2.4
2017-09-23,0,0,1.9
2017-09-24,0,0,2.2
2017-09-25,0,0,5
2017-09-26,0,0,2.3
2017-09-27,0,0,3.4
2017-09-28,0,0,2.1
2017-09-29,0,0,3.1
2017-09-30,0,0,2.4
2017-10-01,0,0,2.3
2017-10-02,0,0,2.2
2017-10-03,0,0,2.2
2017-10-04,0,0,1.3
2017-10-05,0,0,1.6
2017-10-06,0,0,2.6
2017-10-07,0,0,2.2
2017-10-08,0,0,0.8
2017-10-09,0,0,0.6
2017-10-10,0,0,2.3
2017-10-11,0,0,2.4
2017-10-12,0,0,1
2017-10-13,0,0,3.1
2017-10-14,0,0,2.6
2017-10-15,0,0,0.7
2017-10-16,0,0,1.6
2017-10-17,0,0,2.6
2017-10-18,0,0,1.5
2017-10-19,0,0,2.9
2017-10-20,0,0,2.8
2017-10-21,0,0,0.8
2017-10-22,0,0,2.4
2017-10-23,0,0,1.8
2017-10-24,0,0,2.4
2017-10-25,0,0,2.3
2017-10-26,0,0,2
2017-10-27,0,0,1.9
2017-10-28,0,0,3.2
2017-10-29,0,0,2.4
2017-10-30,0,0,0.8
2017-10-31,0,0,2.9
2017-11-01,0,0,1.5
2017-11-02,0,0,3.1
2017-11-03,0,0,1.6
2017-11-04,0,0,0.9
2017-11-05,0,0,1.4
2017-11-06,0,0,0.7
2017-11-07,0,0,2.8
2017-11-08,0,0,2.6
2017-11-09,0,0,2
2017-11-10,0,0,2.7
2017-11-11,0,0,2.8
2017-11-12,0,0,1.4
2017-11-13,0,0,0.1
2017-11-14,0,0,1.5
2017-11-15,0,0,2.6
2017-11-16,0,0,2.9
2017-11-17,0,0,2.2
2017-11-18,0,0,1.2
2017-11-19,0,0,1
2017-11-20,0,0,1.7
2017-11-21,0,0,2.2
2017-11-22,0,0,1.6
2017-11-23,0,0,1.7
2017-11-24,0,0,1.9
2017-11-25,0,0,2.5
2017-11-26,0,0,1.1
2017-11-27,0,0,1.3
2017-11-28,0,0,1.4
2017-11-29,0,0,2.2
2017-11-30,0,0,2
2017-12-01,0,0,3
2017-12-02,0,0,3.9
2017-12-03,0,0,2.5
2017-12-04,0,0,3.5
2017-12-05,0,0,2.3
2017-12-06,0,0,1.9
2017-12-07,0,0,2.4
2017-12-08,0,0,2
2017-12-09,0,0,3.2
2017-12-10,0,0,1.5
2017-12-11,0,0,0.8
2017-12-12,0,0,1.5
2017-12-13,0,0,2.5
2017-12-14,0,0,3.6
2017-12-15,0,0,2.1
2017-12-16,0,0,2.8
2017-12-17,0,0,0.8
2017-12-18,0,0,1.8
2017-12-19,0,0,2
2017-12-20,0,0,3.3
2017-12-21,0,0,3.1
2017-12-22,0,0,0.8
2017-12-23,0,0,1.9
2017-12-24,0,0,0.3
2017-12-25,0,0,0.4
2017-12-26,0,0,0.8
2017-12-27,0,0,0.4
2017-12-28,0,0,0.9
2017-12-29,0,0,2.1
2017-12-30,0,0,0.4
2017-12-31,0,0,1
2018-01-01,0,0,0.2
2018-01-02,0,0,2.1
2018-01-03,0,0,2.1
2018-01-04,0,0,2.2
2018-01-05,0,0,1.9
2018-01-06,0,0,0.8
2018-01-07,0,0,0.9
2018-01-08,0,0,1.4
2018-01-09,0,0,1.4
2018-01-10,0,0,2.6
2018-01-11,0,0,2
2018-01-12,0,0,2.6
2018-01-13,0,0,1.1
2018-01-14,0,0,1.4
2018-01-15,0,0,2.7
2018-01-16,0,0,2.8
2018-01-17,0,0,3.2
2018-01-18,0,0,1.9
2018-01-19,0,0,2.8
2018-01-20,0,0,2.7
2018-01-21,0,0,0.9
2018-01-22,0,0,1
2018-01-23,0,0,2
2018-01-24,0,0,2.6
2018-01-25,0,0,1.8
2018-01-26,0,0,2.4
2018-01-27,0,0,1.1
2018-01-28,0,0,1.2
2018-01-29,0,0,2.1
2018-01-30,0,0,1.9
2018-01-31,0,0,2.1
2018-02-01,0,0,2.8
2018-02-02,0,0,0.6
2018-02-03,0,0,2.4
2018-02-04,0,0,1.8
2018-02-05,0,0,1
2018-02-06,0,0,3.4
2018-02-07,0,0,2.2
2018-02-08,0,0,2.6
2018-02-09,0,0,2.8
2018-02-10,0,0,2.7
2018-02-11,0,0,2.2
2018-02-12,0,0,1.2
2018-02-13,0,0,3.5
2018-02-14,0,0,2.7
2018-02-15,0,0,1.3
2018-02-16,0,0,1.7
2018-02-17,0,0,1.9
2018-02-18,0,0,1.8
2018-02-19,0,0,1.6
2018-02-20,0,0,0.5
2018-02-21,0,0,1.5
2018-02-22,0,0,1.5
2018-02-23,0,0,1
2018-02-24,0,0,1.7
2018-02-25,0,0,0.5
2018-02-26,0,0,1.2
2018-02-27,0,0,1.9
2018-02-28,0,0,2
2018-03-01,0,0,2.2
2018-03-02,0,0,3.2
2018-03-03,0,0,3.3
2018-03-04,0,0,1.8
2018-03-05,0,0,2.4
2018-03-06,0,0,3.3
2018-03-07,0,0,3
2018-03-08,0,0,2
2018-03-09,0,0,3
2018-03-10,0,0,3.1
2018-03-11,0,0,1.3
2018-03-12,0,0,0.8
2018-03-13,0,0,1.4
2018-03-14,0,0,2.5
2018-03-15,0,0,1.6
2018-03-16,0,0,1.4
2018-03-17,0,0,2.6
2018-03-18,0,0,1.1
2018-03-19,0,0,2.4
2018-03-20,0,0,2
2018-03-21,0,0,2.7
2018-03-22,0,0,1.1
2018-03-23,0,0,2.1
2018-03-24,0,0,1.9
2018-03-25,0,0,3
2018-03-26,0,0,2.5
2018-03-27,0,0,2.1
2018-03-28,0,0,1.8
2018-03-29,0,0,1.4
2018-03-30,0,0,1.9
2018-03-31,0,0,1.3
2018-04-01,0,0,0.9
2018-04-02,0,0,1.1
2018-04-03,0,0,3.1
2018-04-04,0,0,2.7
2018-04-05,0,0,3.2
2018-04-06,0,0,2.7
2018-04-07,0,0,1.6
2018-04-08,0,0,1.2
2018-04-09,0,0,2.3
2018-04-10,0,0,0.8
2018-04-11,0,0,1.2
2018-04-12,0,0,1.8
2018-04-13,0,0,2.4
2018-04-14,0,0,1.7
2018-04-15,0,0,1.4
2018-04-16,0,0,1
2018-04-17,0,0,0.9
2018-04-18,0,0,1.3
2018-04-19,0,0,1.6
2018-04-20,0,0,4.4
2018-04-21,0,0,3.6
2018-04-22,0,0,2.2
2018-04-23,0,0,1.5
2018-04-24,0,0,1.5
2018-04-25,0,0,1.3
2018-04-26,0,0,5.2
2018-04-27,0,0,3.4
2018-04-28,0,0,2.5
2018-04-29,0,0,4.9
2018-04-30,0,0,3.7
2018-05-01,0,0,4.9
2018-05-02,0,0,4.2
2018-05-03,0,0,4.3
2018-05-04,0,0,2.2
2018-05-05,0,0,3.7
2018-05-06,0,0,2.9
2018-05-07,0,0,0.9
2018-05-08,0,0,3
2018-05-09,0,0,2.5
2018-05-10,0,0,1.3
2018-05-11,0,0,2.4
2018-05-12,0,0,3.9
2018-05-13,0,0,2.6
2018-05-14,0,0,2.6
2018-05-15,0,0,3.6
2018-05-16,0,0,1.2
2018-05-17,0,0,1.6
2018-05-18,0,0,1.7
2018-05-19,0,0,2.9
2018-05-20,0,0,3
2018-05-21,0,0,3.8
2018-05-22,0,0,1.2
2018-05-23,0,0,1.2
2018-05-24,0,0,1.2
2018-05-25,0,0,2.4
2018-05-26,0,0,1.9
2018-05-27,0,0,2.4
2018-05-28,0,0,0.8
2018-05-29,0,0,2.4
2018-05-30,0,0,1.4
2018-05-31,0,0,1.6
2018-06-01,0,0,2.5
2018-06-02,0,0,2.1
2018-06-03,0,0,1.2
2018-06-04,0,0,2
2018-06-05,0,0,2.5
2018-06-06,0,0,1.6
2018-06-07,0,0,2
2018-06-08,0,0,2.4
2018-06-09,0,0,1.8
2018-06-10,0,0,1.8
2018-06-11,0,0,1.6
2018-06-12,0,0,1.4
2018-06-13,0,0,2.3
2018-06-14,0,0,2.3
2018-06-15,0,0,2.6
2018-06-16,0,0,1.8
2018-06-17,0,0,2.5
2018-06-18,0,0,2.3
2018-06-19,0,0,3
2018-06-20,0,0,2.4
2018-06-21,0,0,2.1
2018-06-22,0,0,1
2018-06-23,0,0,1.7
2018-06-24,0,0,3.5
2018-06-25,0,0,1.7
2018-06-26,0,0,1.4
2018-06-27,0,0,2.6
2018-06-28,0,0,2
2018-06-29,0,0,1.5
2018-06-30,0,0,6.5
2018-07-01,0,0,2.1
2018-07-02,0,0,0.4
2018-07-03,0,0,2.8
2018-07-04,0,0,1.9
2018-07-05,0,0,2.7
2018-07-06,0,0,3.1
2018-07-07,0,0,2.6
2018-07-08,0,0,2.6
2018-07-09,0,0,2.3
2018-07-10,0,0,1.6
2018-07-11,0,0,3.3
2018-07-12,0,0,1.9
2018-07-13,0,0,3.9
2018-07-14,0,0,2.2
2018-07-15,0,0,3.7
2018-07-16,0,0,2.9
2018-07-17,0,0,2
2018-07-18,0,0,1.5
2018-07-19,0,0,1.7
2018-07-20,0,0,2.3
2018-07-21,0,0,5.3
2018-07-22,0,0,5.4
2018-07-23,0,0,1.7
2018-07-24,0,0,2.9
2018-07-25,0,0,0.9
2018-07-26,0,0,1.5
2018-07-27,0,0,4.1
2018-07-28,0,0,1.8
2018-07-29,0,0,1.4
2018-07-30,0,0,2.2
2018-07-31,0,0,3.3
2018-08-01,0,0,2
2018-08-02,0,0,0.8
2018-08-03,0,0,3.2
2018-08-04,0,0,4.5
2018-08-05,0,0,3.6
2018-08-06,0,0,1.1
2018-08-07,0,0,2.5
2018-08-08,0,0,2.7
2018-08-09,0,0,2.4
2018-08-10,0,0,4.1
2018-08-11,0,0,2.6
2018-08-12,0,0,1.3
2018-08-13,0,0,0.5
2018-08-14,0,0,2.6
2018-08-15,0,0,2.9
2018-08-16,0,0,1.8
2018-08-17,0,0,3
2018-08-18,0,0,2
2018-08-19,0,0,2.7
2018-08-20,0,0,2.2
2018-08-21,0,0,2.8
2018-08-22,0,0,2.6
2018-08-23,0,0,2.2
2018-08-24,0,0,1
2018-08-25,0,0,3.3
2018-08-26,0,0,2.9
2018-08-27,0,0,1.9
2018-08-28,0,0,2.2
2018-08-29,0,0,2
2018-08-30,0,0,2.8
2018-08-31,0,0,1.9
2018-09-01,0,0,3.3
2018-09-02,0,0,3
2018-09-03,0,0,2.1
2018-09-04,0,0,1.1
2018-09-05,0,0,1.5
2018-09-06,0,0,1.3
2018-09-07,0,0,2.2
2018-09-08,0,0,0.9
2018-09-09,0,0,1.4
2018-09-10,0,0,0.8
2018-09-11,0,0,1.8
2018-09-12,0,0,2.6
2018-09-13,0,0,1
2018-09-14,0,0,1.6
2018-09-15,0,0,1.8
2018-09-16,0,0,1.1
2018-09-17,0,0,1.1
2018-09-18,0,0,1.8
2018-09-19,0,0,2.2
2018-09-20,0,0,0
2018-09-21,0,0,1.3
2018-09-22,0,0,1.5
2018-09-23,0,0,1.4
2018-09-24,0,0,2.2
2018-09-25,0,0,2.5
2018-09-26,0,0,1.4
2018-09-27,0,0,0.3
2018-09-28,0,0,0.1
2018-09-29,0,0,0.3
2018-09-30,0,0,1.1
2018-10-01,0,0,0.1
2018-10-02,0,0,1.2
2018-10-03,0,0,0.8
2018-10-04,0,0,0.9
2018-10-05,0,0,2
2018-10-06,0,0,1.9
2018-10-07,0,0,0.6
2018-10-08,0,0,1
2018-10-09,0,0,1.7
2018-10-10,0,0,1
2018-10-11,0,0,2.6
2018-10-12,0,0,0.9
2018-10-13,0,0,1.4
2018-10-14,0,0,0.4
2018-10-15,0,0,1.1
2018-10-16,0,0,1.4
2018-10-17,0,0,1.5
2018-10-18,0,0,2.4
2018-10-19,0,0,2.4
2018-10-20,0,0,2.5
2018-10-21,0,0,1.4
2018-10-22,0,0,2.3
2018-10-23,0,0,1.9
2018-10-24,0,0,2.5
2018-10-25,0,0,2.5
2018-10-26,0,0,0
2018-10-27,0,0,0
2018-10-28,0,0,0
2018-10-29,0,0,0
2018-10-30,0,0,0
2018-10-31,0,0,0
2018-11-01,0,0,0
2018-11-02,0,0,0
2018-11-03,0,0,0
2018-11-04,0,0,0
2018-11-05,0,0,0.2
2018-11-06,0,0,2.4
2018-11-07,0,0,2.4
2018-11-08,0,0,1
2018-11-09,0,0,1.8
2018-11-10,0,0,1.6
2018-11-11,0,0,2.6
2018-11-12,0,0,1.6
2018-11-13,0,0,3
2018-11-14,0,0,0.4
2018-11-15,0,0,3.6
2018-11-16,0,0,1.7
2018-11-17,0,0,1.6
2018-11-18,0,0,0.4
2018-11-19,0,0,1.8
2018-11-20,0,0,1.1
2018-11-21,0,0,0.8
2018-11-22,0,0,3.6
2018-11-23,0,0,6.1
2018-11-24,0,0,2.4
2018-11-25,0,0,1
2018-11-26,0,0,2.2
2018-11-27,0,0,1.7
2018-11-28,0,0,1.7
2018-11-29,0,0,2.2
2018-11-30,0,0,2
2018-12-01,0,0,2.4
2018-12-02,0,0,1.4
2018-12-03,0,0,2.2
2018-12-04,0,0,1.6
2018-12-05,0,0,1.6
2018-12-06,0,0,1.7
2018-12-07,0,0,1.9
2018-12-08,0,0,1.5
2018-12-09,0,0,1.3
2018-12-10,0,0,1.8
2018-12-11,0,0,1.9
2018-12-12,0,0,1.4
2018-12-13,0,0,2
2018-12-14,0,0,2.3
2018-12-15,928,0,3.1
2018-12-16,1139,0,4.9
2018-12-17,1208,0,3.9
2018-12-18,965,0,3.4
2018-12-19,762,0,2.8
2018-12-20,1438,0,5
2018-12-21,1032,0,3.6
2018-12-22,1233,0,3.4
2018-12-23,368,0,0.9
2018-12-24,1195,0,4.5
2018-12-25,643,0,1.8
2018-12-26,722,0,3.3
2018-12-27,630,0,1.9
2018-12-28,1413,0,4.4
2018-12-29,1270,0,3.6
2018-12-30,1154,0,2.6
2018-12-31,866,0,3
2019-01-01,1294,0,5.5
2019-01-02,1345,0,3
2019-01-03,1447,0,3.2
2019-01-04,1164,0,3.7
2019-01-05,1649,0,4.2
2019-01-06,795,0,3.4
2019-01-07,1270,0,3.7
2019-01-08,1280,0,3.7
2019-01-09,1134,0,4
2019-01-10,1396,0,3
2019-01-11,1665,0,2.6
2019-01-12,1162,0,3.6
2019-01-13,1100,5.5,3.5
2019-01-14,1391,0,3.3
2019-01-15,1083,0,2.8
2019-01-16,1474,0,5.5
2019-01-17,1006,0,2.8
2019-01-18,1183,0,3.4
2019-01-19,1392,0,4.1
2019-01-20,707,0,2.7
2019-01-21,1277,0,3.6
2019-01-22,1221,0,4.1
2019-01-23,1640,0,3.2
2019-01-24,1351,0,4
2019-01-25,1010,0,2.8
2019-01-26,2247,0,4.4
2019-01-27,562,0,2.5
2019-01-28,1726,0,4.3
2019-01-29,858,0,2.1
2019-01-30,1444,0,2.8
2019-01-31,1124,0,3.8
2019-02-01,1093,0,2.8
2019-02-02,1569,0,3.4
2019-02-03,1415,0,3.2
2019-02-04,1160,0,3.2
2019-02-05,1148,0,3.7
2019-02-06,1771,0,3.6
2019-02-07,1238,0,3.1
2019-02-08,701,0,2
2019-02-09,1401,0,3.2
2019-02-10,1552,0,3.2
2019-02-11,1395,0,3.9
2019-02-12,1437,0,3.4
2019-02-13,702,0,2.5
2019-02-14,853,0,2.9
2019-02-15,1588,0,3.1
2019-02-16,2792,0,4.7
2019-02-17,490,0,1.1
2019-02-18,1555,0,4.1
2019-02-19,831,0,2.7
2019-02-20,1141,0,3.3
2019-02-21,1256,0,3.6
2019-02-22,866,0,3.2
2019-02-23,491,0,1.4
2019-02-24,551,0,1.9
2019-02-25,1119,0,3.2
2019-02-26,1014,0,2.9
2019-02-27,1114,0,3.3
2019-02-28,1150,0,3.6
2019-03-01,742,0,2.5
2019-03-02,946,0,4.6
2019-03-03,902,0,4.1
2019-03-04,803,0,4
2019-03-05,767,0,2.5
2019-03-06,1264,0,5.7
2019-03-07,830,0,3.7
2019-03-08,743,0,2.8
2019-03-09,765,0,3.4
2019-03-10,1618,0,4.2
2019-03-11,750,0,2.9
2019-03-12,1003,0,3
2019-03-13,1494,0,3.2
2019-03-14,913,0,3.7
2019-03-15,858,0,3.2
2019-03-16,921,0,4
2019-03-17,882,0,4.2
2019-03-18,662,0,2.4
2019-03-19,742,0,2.9
2019-03-20,1208,0,4.5
2019-03-21,740,0,3.1
2019-03-22,976,0,4.2
2019-03-23,1337,0,4.9
2019-03-24,933,0,4.7
2019-03-25,1194,0,4.7
2019-03-26,717,0,2.7
2019-03-27,1051,0,3.9
2019-03-28,854,0,3.6
2019-03-29,914,0,3.5
2019-03-30,945,2.8,3
2019-03-31,726,0,2.8
2019-04-01,821,3,2.7
2019-04-02,1012,0,3.5
2019-04-03,1057,0,5.1
2019-04-04,647,0,2.4
2019-04-05,832,0,3
2019-04-06,1385,0,6
2019-04-07,608,0,2.2
2019-04-08,908,0,2.2
2019-04-09,676,0,2.6
2019-04-10,637,0,2.2
2019-04-11,756,0,2.6
2019-04-12,861,0,3
2019-04-13,1177,0,3.8
2019-04-14,755,0,3.2
2019-04-15,929,0,2.7
2019-04-16,579,0,1.9
2019-04-17,1214,0,4.9
2019-04-18,926,0,4.2
2019-04-19,737,0,3
2019-04-20,638,0,2.1
2019-04-21,628,1.3,1.9
2019-04-22,1057,0,3.5
2019-04-23,668,0,2.6
2019-04-24,1051,0,2.9
2019-04-25,892,0,2.7
2019-04-26,685,0,2.3
2019-04-27,1041,0,2.5
2019-04-28,607,0,2.1
2019-04-29,529,0,1.5
2019-04-30,768,0,2.8
2019-05-01,911,0,3.9
2019-05-02,907,0,5.2
2019-05-03,922,0,4.8
2019-05-04,776,0,3.1
2019-05-05,716,0,3
2019-05-06,748,0,5.5
2019-05-07,507,0,2.5
2019-05-08,1283,0,4.6
2019-05-09,631,0,2
2019-05-10,725,0,2.6
2019-05-11,1044,0,4.4
2019-05-12,894,0,3.8
2019-05-13,585,2.6,1.1
2019-05-14,639,0,2.1
2019-05-15,544,0,1.7
2019-05-16,817,0,2.7
2019-05-17,570,0,1.4
2019-05-18,1088,0,4.4
2019-05-19,956,0,3.7
2019-05-20,628,0,2.1
2019-05-21,618,0,1.9
2019-05-22,893,2.3,2.5
2019-05-23,704,0,0.6
2019-05-24,629,0,1.9
2019-05-25,506,0,2.1
2019-05-26,964,0,3.8
2019-05-27,1081,2.7,3.2
2019-05-28,970,2.4,2.8
2019-05-29,1026,2.9,3
2019-05-30,789,0,2.8
2019-05-31,551,0,1.7
2019-06-01,1842,18.5,3.1
2019-06-02,853,0,4.7
2019-06-03,682,0,2.7
2019-06-04,689,0,3
2019-06-05,970,0,1.9
2019-06-06,558,0,1.7
2019-06-07,845,0,2.4
2019-06-08,586,0,1.6
2019-06-09,1039,0,5.2
2019-06-10,835,0,3.1
2019-06-11,1083,0,3.8
2019-06-12,701,0,2.6
2019-06-13,1411,0,4.3
2019-06-14,453,0,1.6
2019-06-15,880,2.4,2.1
2019-06-16,753,5.1,1.7
2019-06-17,584,0,2.3
2019-06-18,715,0,2.6
2019-06-19,709,0,2.8
2019-06-20,904,0,2.5
2019-06-21,449,0,1.7
2019-06-22,1130,0,4
2019-06-23,13,0,0.3
2019-06-24,617,0,2.1
2019-06-25,723,4.2,2.3
2019-06-26,969,2.8,3.1
2019-06-27,519,0,1.8
2019-06-28,911,5,1.9
2019-06-29,772,0,3.3
2019-06-30,1010,5.8,2.6
2019-07-01,1026,3.8,3.3
2019-07-02,704,2.8,2
2019-07-03,645,0,2.1
2019-07-04,636,0,1.7
2019-07-05,330,0,1.1
2019-07-06,847,0,3.3
2019-07-07,739,0,3.3
2019-07-08,713,0,2.7
2019-07-09,868,0,3.6
2019-07-10,585,0,2.9
2019-07-11,627,0,3
2019-07-12,735,0,3.8
2019-07-13,722,0,3.5
2019-07-14,717,0,3.3
2019-07-15,1036,0,4.9
2019-07-16,614,0,2.3
2019-07-17,773,0,3.4
2019-07-18,765,0,3.2
2019-07-19,526,0,1.3
2019-07-20,1059,0,2.7
2019-07-21,617,0,3
2019-07-22,985,0,3.1
2019-07-23,348,3.5,1.4
2019-07-24,968,0,2.5
2019-07-25,806,0,2.3
2019-07-26,918,0,3.9
2019-07-27,749,0,2.5
2019-07-28,616,0,2.5
2019-07-29,842,0,1.9
2019-07-30,2,0,0.1
2019-07-31,540,0,1.7
2019-08-01,909,2.6,2.4
2019-08-02,471,0,2.6
2019-08-03,1414,0,3.5
2019-08-04,736,0,3.5
2019-08-05,675,0,3.5
2019-08-06,679,0,2.5
2019-08-07,289,2.6,0.3
2019-08-08,813,2.9,1.9
2019-08-09,670,0,1.9
2019-08-10,692,0,3
2019-08-11,30,0,0.8
2019-08-12,753,0,2.3
2019-08-13,547,0,1.8
2019-08-14,758,1.3,1.8
2019-08-15,749,0,2.9
2019-08-16,675,0,2
2019-08-17,124,0,2.4
2019-08-18,797,0,3.4
2019-08-19,636,0,1.8
2019-08-20,771,0,2.6
2019-08-21,684,0,2.2
2019-08-22,670,0,2.5
2019-08-23,498,0,1.5
2019-08-24,658,0,3.1
2019-08-25,587,1.5,2.3
2019-08-26,592,0,1.6
2019-08-27,629,0,2
2019-08-28,636,0,1.9
2019-08-29,0,0,2
2019-08-30,772,4.7,0.9
2019-08-31,1122,0,3.1
2019-09-01,334,0,0.9
2019-09-02,578,1.4,1.4
2019-09-03,944,0,2.9
2019-09-04,543,0,1.5
2019-09-05,359,4.2,0.6
2019-09-06,720,0,2.5
2019-09-07,1295,0,4.1
2019-09-08,5,0,0.2
2019-09-09,717,0,2.4
2019-09-10,573,0,1.8
2019-09-11,550,0,1.8
2019-09-12,1164,0,3.2
2019-09-13,330,0,1.5
2019-09-14,948,0,2.8
2019-09-15,509,4.7,0.4
2019-09-16,707,0,2.2
2019-09-17,668,0,1.9
2019-09-18,486,0,1.6
2019-09-19,1118,0,3.2
2019-09-20,658,0,1.8
2019-09-21,550,0,1.9
2019-09-22,897,0,2.3
2019-09-23,1242,0,3.7
2019-09-24,689,0,2.3
2019-09-25,905,0,2.7
2019-09-26,668,0,2.1
2019-09-27,511,0,1.6
2019-09-28,1383,0,1.9
2019-09-29,422,0,1.6
2019-09-30,564,0,1.9
2019-10-01,1016,0,3.1
2019-10-02,603,0,1.9
2019-10-03,616,0,2.1
2019-10-04,643,3.8,1.3
2019-10-05,1236,0,4
2019-10-06,1271,6.5,1.9
2019-10-07,635,0,2.1
2019-10-08,603,0,1.7
2019-10-09,681,0,1.5
2019-10-10,731,0,2.2
2019-10-11,88,0,0.6
2019-10-12,926,0,2.1
2019-10-13,503,0,0.9
2019-10-14,981,0,2.7
2019-10-15,1354,0,3.7
2019-10-16,625,0,2.1
2019-10-17,944,0,2.4
2019-10-18,474,0,1.4
2019-10-19,1514,0,4.4
2019-10-20,513,2.5,1.5
2019-10-21,1741,0,4.1
2019-10-22,346,0,0.7
2019-10-23,1075,0,2.7
2019-10-24,794,0,2.8
2019-10-25,1301,0,3.7
2019-10-26,983,0,2.5
2019-10-27,655,0,2.2
2019-10-28,1291,0,3
2019-10-29,786,0,2.4
2019-10-30,1357,0,1.9
2019-10-31,412,0,0.9
2019-11-01,1186,0,3.5
2019-11-02,1229,0,3.1
2019-11-03,1118,0,4.1
2019-11-04,1115,0,3.1
2019-11-05,1090,0,3.1
2019-11-06,1773,0,3.8
2019-11-07,1070,0,3.2
2019-11-08,906,0,3.2
2019-11-09,220,0,0.3
2019-11-10,795,0,2.4
2019-11-11,1166,0,3.2
2019-11-12,862,0,3
2019-11-13,830,0,2.7
2019-11-14,1110,0,3.5
2019-11-15,1060,0,3
2019-11-16,536,0,1.4
2019-11-17,1079,3.1,2.8
2019-11-18,819,0,1.7
2019-11-19,913,0,3.6
2019-11-20,1032,0,3.4
2019-11-21,580,0,1.9
2019-11-22,950,0,3.7
2019-11-23,540,0,1.6
2019-11-24,609,0,1.8
2019-11-25,1746,0,3.9
2019-11-26,664,0,2.4
2019-11-27,701,0,1.8
2019-11-28,1065,0,3.3
2019-11-29,535,0,1.4
2019-11-30,1165,0,4
2019-12-01,538,0,2.1
2019-12-02,1480,0,3.4
2019-12-03,1201,0,4.1
2019-12-04,1144,0,3.7
2019-12-05,1119,0,3.6
2019-12-06,914,0,3
2019-12-07,366,0,0.7
2019-12-08,545,0,1.6
2019-12-09,1010,0,3.1
2019-12-10,857,0,2.7
2019-12-11,381,0,0.6
2019-12-12,943,0,2.6
2019-12-13,452,0,0.9
2019-12-14,642,0,2.4
2019-12-15,768,3.9,2.8
2019-12-16,1117,0,4.5
2019-12-17,341,0,1.7
2019-12-18,899,0,4.3
2019-12-19,1084,0,5.4
2019-12-20,696,0,2.9
2019-12-21,625,0,2.2
2019-12-22,524,0,1.2
2019-12-23,580,0,2.2
2019-12-24,643,0,1.8
2019-12-25,281,0,0.9
2019-12-26,344,0,0.7
2019-12-27,262,0,0.4
2019-12-28,636,0,1.8
2019-12-29,713,0,3.6
2019-12-30,556,0,2.4
2019-12-31,547,0,1.9
2020-01-01,461,0,1.8
2020-01-02,370,0,0.9
2020-01-03,738,0,3.1
2020-01-04,544,0,2.3
2020-01-05,626,0,2.1
2020-01-06,431,0,2.4
2020-01-07,721,0,2.5
2020-01-08,543,0,1.8
2020-01-09,611,0,2
2020-01-10,662,0,1.9
2020-01-11,393,0,0.6
2020-01-12,556,0,2
2020-01-13,694,0,2.3
2020-01-14,450,0,0.9
2020-01-15,385,0,0.7
2020-01-16,417,0,0.9
2020-01-17,741,0,2
2020-01-18,558,0,2.1
2020-01-19,929,0,4
2020-01-20,650,0,2
2020-01-21,783,0,3
2020-01-22,1097,0,3.9
2020-01-23,549,0,2.1
2020-01-24,801,0,3.8
2020-01-25,775,0,2.8
2020-01-26,732,0,3
2020-01-27,971,0,2.6
2020-01-28,820,0,3.3
2020-01-29,1120,0,3.8
2020-01-30,828,0,3.3
2020-01-31,990,0,2.8
2020-02-01,1193,0,3.8
2020-02-02,953,0,4.5
2020-02-03,1178,0,3.3
2020-02-04,953,0,3.3
2020-02-05,968,0,3.5
2020-02-06,898,0,2.4
2020-02-07,1043,0,3.3
2020-02-08,1174,0,3.3
2020-02-09,641,0,2.9
2020-02-10,711,0,2.6
2020-02-11,433,0,1.2
2020-02-12,515,0,1.7
2020-02-13,450,0,1.7
2020-02-14,432,0,1.6
2020-02-15,596,0,2.1
2020-02-16,626,0,3
2020-02-17,372,0,0.7
2020-02-18,577,0,1.8
2020-02-19,684,0,2.3
2020-02-20,878,0,3.3
2020-02-21,849,0,3.2
2020-02-22,663,0,1.7
2020-02-23,515,0,1.5
2020-02-24,846,0,2.9
2020-02-25,945,0,3.2
2020-02-26,551,3.7,0.8
2020-02-27,1070,0,3.1
2020-02-28,757,0,2.4
2020-02-29,655,0,2.2
2020-03-01,789,4.9,1.7
2020-03-02,707,0,3
2020-03-03,691,0,2.3
2020-03-04,705,7.7,1.1
2020-03-05,920,0,3.1
2020-03-06,560,0,1.8
2020-03-07,1006,0,4.6
2020-03-08,821,0,4.3
2020-03-09,844,3.6,1.6
2020-03-10,560,0,1.5
2020-03-11,610,3.8,1.2
2020-03-12,348,0,0.5
2020-03-13,491,0,1.2
2020-03-14,1037,0,3.6
2020-03-15,521,3.7,1.2
2020-03-16,666,2.7,0.9
2020-03-17,672,4.4,1.2
2020-03-18,609,3.7,1
2020-03-19,304,0,0.4
2020-03-20,746,4,1.6
2020-03-21,527,0,1.9
2020-03-22,1214,0,4.4
2020-03-23,537,5.5,0.5
2020-03-24,368,0,0.6
2020-03-25,781,6.7,1.2
2020-03-26,686,3.1,0.7
2020-03-27,474,0,1.5
2020-03-28,855,3.7,1.7
2020-03-29,631,0,1.8
2020-03-30,385,0,0.5
2020-03-31,513,3.5,0.7
2020-04-01,240,0,0.4
2020-04-02,372,0,0.5
2020-04-03,476,0,1.4
2020-04-04,682,3.5,1.3
2020-04-05,416,0,1
2020-04-06,779,0,1.7
2020-04-07,406,0,0.6
2020-04-08,691,1.5,2.2
2020-04-09,720,5.1,1.2
2020-04-10,539,0,0.9
2020-04-11,616,3,0.8
2020-04-12,784,3,1.6
2020-04-13,490,0,1
2020-04-14,462,3.2,0.6
2020-04-15,703,0,1.3
2020-04-16,914,8.4,0.6
2020-04-17,753,6.1,1.4
2020-04-18,739,4.7,1.4
2020-04-19,1261,4,3.6
2020-04-20,661,0,1.6
2020-04-21,740,2.4,1.4
2020-04-22,568,4,0.6
2020-04-23,849,2.3,1.3
2020-04-24,1104,0,2.8
2020-04-25,1669,8.3,5.7
2020-04-26,520,0,2.4
2020-04-27,675,0,2.7
2020-04-28,403,0,1.4
2020-04-29,643,0,2.5
2020-04-30,560,0,1.8
2020-05-01,579,0,1.2
2020-05-02,963,0,3.1
2020-05-03,964,0,2.2
2020-05-04,781,0,2.5
2020-05-05,880,7.5,0.7
2020-05-06,541,2.4,0.8
2020-05-07,380,0,0.7
2020-05-08,552,1.5,0.9
2020-05-09,1331,7.7,3
2020-05-10,685,3,1.5
2020-05-11,789,1.1,1.7
2020-05-12,513,4.3,1.2
2020-05-13,970,6,1.7
2020-05-14,1255,6.6,2.1
2020-05-15,747,2.9,1.6
2020-05-16,1802,0,6.4
2020-05-17,1101,5.9,1.8
2020-05-18,1011,8.9,1.4
2020-05-19,498,0,1.4
2020-05-20,596,2.7,0.9
2020-05-21,375,0,0.7
2020-05-22,729,0.6,0.9
2020-05-23,1305,7.4,4.1
2020-05-24,1032,0,2.6
2020-05-25,556,0,2
2020-05-26,1053,2.7,2.9
2020-05-27,1248,5.2,2.3
2020-05-28,955,0,1.8
2020-05-29,750,0,2.3
2020-05-30,1444,7.4,2.3
2020-05-31,1052,0,3
2020-06-01,1002,2.5,2.5
2020-06-02,1005,0,2
2020-06-03,1262,1.8,2.9
2020-06-04,963,0,1.8
2020-06-05,855,0,2.2
2020-06-06,1008,0,2.9
2020-06-07,823,3.3,2.3
2020-06-08,1161,0,2.4
2020-06-09,1024,0,1.9
2020-06-10,1335,8.7,1.4
2020-06-11,2581,0,6.7
2020-06-12,753,0,1.6
2020-06-13,821,0,2.2
2020-06-14,328,0,1.1
2020-06-15,1052,2,2.2
2020-06-16,928,0,1.7
2020-06-17,874,0,2
2020-06-18,1240,3.5,2
2020-06-19,1161,3.3,2.6
2020-06-20,743,0,2.8
2020-06-21,1119,2.7,3.3
2020-06-22,1227,3.6,2.3
2020-06-23,880,3.7,1.7
2020-06-24,580,0,1.7
2020-06-25,1318,10.2,1.5
2020-06-26,982,0,2
2020-06-27,947,5.9,1.9
2020-06-28,690,0,2.7
2020-06-29,573,0,1.8
2020-06-30,771,0,1.4
2020-07-01,1282,1.5,3.4
2020-07-02,0,0,1.3
2020-07-03,0,0,0.2
2020-07-04,0,0,0
2020-07-05,0,0,0.3
2020-07-06,0,0,2.1
2020-07-07,0,0,1.2
2020-07-08,0,0,3.4
2020-07-09,0,0,1.1
2020-07-10,0,0,0.6
2020-07-11,0,0,10.7
2020-07-12,523,0,2.9
2020-07-13,896,2.1,1.8
2020-07-14,842,0,3
2020-07-15,989,0,2.3
2020-07-16,897,6.5,1.4
2020-07-17,820,0,2.9
2020-07-18,1234,0,5
2020-07-19,187,0,1.2
2020-07-20,628,2.5,1.7
2020-07-21,1328,6.6,2.8
2020-07-22,970,5.8,1.9
2020-07-23,958,0,1.8
2020-07-24,492,0,1
2020-07-25,1172,1.1,3.5
2020-07-26,733,1.7,2.1
2020-07-27,967,6.7,1.4
2020-07-28,1249,10.4,1.8
2020-07-29,897,0,1.7
2020-07-30,722,0,1.7
2020-07-31,710,0,2.8
2020-08-01,955,0,5.2
2020-08-02,1201,0,4
2020-08-03,878,0,4.2
2020-08-04,780,0,3
2020-08-05,508,0,1.5
2020-08-06,627,0,0.8
2020-08-07,383,0,1
2020-08-08,426,0,1
2020-08-09,698,0,2.1
2020-08-10,460,0,2.7
2020-08-11,425,0,1.4
2020-08-12,366,0,0.8
2020-08-13,767,0,1.7
2020-08-14,530,0,1.7
2020-08-15,598,0,1.5
2020-08-16,611,0,2.5
2020-08-17,632,0,2
2020-08-18,469,0,0.8
2020-08-19,278,0,0.5
2020-08-20,812,0,1
2020-08-21,369,0,0.5
2020-08-22,537,0,1.8
2020-08-23,353,0,0.6
2020-08-24,478,0,1
2020-08-25,908,0,1.1
2020-08-26,370,0,0.4
2020-08-27,782,0,1
2020-08-28,419,0,0.6
2020-08-29,419,0,0.7
2020-08-30,404,0,0.6
2020-08-31,728,3.9,1.9
2020-09-01,1083,4.5,2.1
2020-09-02,810,4.9,1.8
2020-09-03,719,0,1.6
2020-09-04,636,0,2.1
2020-09-05,1821,0,5.3
2020-09-06,546,0,1.6
2020-09-07,449,0,1
2020-09-08,890,0,1.4
2020-09-09,770,2.4,1.6
2020-09-10,890,4.8,1.6
2020-09-11,484,0,0.9
2020-09-12,776,0,3.1
2020-09-13,828,2.2,2.4
2020-09-14,709,3.5,1.5
2020-09-15,622,0,0.9
2020-09-16,761,6.6,1.7
2020-09-17,876,0,2.1
2020-09-18,457,0,0.9
2020-09-19,851,0,1.8
2020-09-20,1220,7.9,3.3
2020-09-21,464,0,0.9
2020-09-22,679,0,1.3
2020-09-23,675,3.9,1.8
2020-09-24,1005,5.8,2.3
2020-09-25,866,0,1.6
2020-09-26,1212,8,2.1
2020-09-27,845,2,2.5
2020-09-28,447,0,1.1
2020-09-29,952,2.9,1.4
2020-09-30,907,6,2.5
2020-10-01,416,0,0.9
2020-10-02,929,0,2.1
2020-10-03,1091,7,3.1
2020-10-04,656,0,2.4
2020-10-05,312,0,0.5
2020-10-06,418,0,0.8
2020-10-07,874,0,1.8
2020-10-08,331,0,0.4
2020-10-09,434,0,0.9
2020-10-10,750,0,2.3
2020-10-11,428,0,0.7
2020-10-12,164,0,0.6
2020-10-13,459,0,0.8
2020-10-14,491,0,1.4
2020-10-15,725,4.6,0.7
2020-10-16,581,0,1.8
2020-10-17,540,0,1.7
2020-10-18,361,0,0.7
2020-10-19,346,0,0.5
2020-10-20,440,0,1.1
2020-10-21,407,0,0.9
2020-10-22,345,0,0.5
2020-10-23,512,0,1
2020-10-24,380,0,1.1
2020-10-25,760,4.7,2.6
2020-10-26,676,0,0.7
2020-10-27,363,0,0.7
2020-10-28,392,0,0.6
2020-10-29,695,0,2.8
2020-10-30,772,4.8,1.8
2020-10-31,899,0,1.7
2020-11-01,726,4.5,1
2020-11-02,1003,0,1.9
2020-11-03,475,0,0.9
2020-11-04,798,0,1.3
2020-11-05,376,0,0.5
2020-11-06,601,3.4,1.2
2020-11-07,761,0,2.6
2020-11-08,792,0,2.3
2020-11-09,689,0,1
2020-11-10,652,0,0.7
2020-11-11,535,2.9,1.2
2020-11-12,938,0,2.7
2020-11-13,617,0,2.2
2020-11-14,1050,8,2.1
2020-11-15,42,0,0.5
2020-11-16,393,0,0.9
2020-11-17,442,0,1
2020-11-18,375,0,0.6
2020-11-19,458,0,1.1
2020-11-20,629,6,0.8
2020-11-21,1022,4.9,2.9
2020-11-22,579,0,2.3
2020-11-23,737,0,1.9
2020-11-24,364,0,0.5
2020-11-25,640,0,2.3
2020-11-26,485,0,1.1
2020-11-27,647,0,2.1
2020-11-28,667,0,2.7
2020-11-29,544,0,1.2
2020-11-30,551,0,1.6
2020-12-01,394,0,1.4
2020-12-02,1044,0,3.8
2020-12-03,360,0,0.8
2020-12-04,521,0,1.7
2020-12-05,761,0,3.7
2020-12-06,779,0,3.1
2020-12-07,705,0,3
2020-12-08,828,0,3.5
2020-12-09,731,0,3.1
2020-12-10,556,0,1.6
2020-12-11,452,0,1
2020-12-12,441,0,1.1
2020-12-13,678,0,2.6
2020-12-14,531,0,1.5
2020-12-15,434,0,0.8
2020-12-16,620,0,2.4
2020-12-17,529,0,1.3
2020-12-18,477,0,1
2020-12-19,639,0,2.2
2020-12-20,877,0,2.6
2020-12-21,789,0,1.6
2020-12-22,594,0,1.3
2020-12-23,857,0,1.7
2020-12-24,514,0,1.3
2020-12-25,990,0,1.8
2020-12-26,585,0,1
2020-12-27,471,0,1.3
2020-12-28,699,0,2.7
2020-12-29,792,0,1.7
2020-12-30,346,0,0.6
2020-12-31,410,0,0.7
2021-01-01,858,0,0.9
2021-01-02,800,0,3.2
2021-01-03,813,5.3,2
2021-01-04,846,0,1.2
2021-01-05,659,2.7,1.1
2021-01-06,624,0,1.9
2021-01-07,784,0,2.1
2021-01-08,950,0,2.6
2021-01-09,921,0,3.6
2021-01-10,737,4.7,1.3
2021-01-11,903,0,2.5
2021-01-12,647,0,2.4
2021-01-13,828,0,1.6
2021-01-14,671,0,2.1
2021-01-15,460,0,0.8
2021-01-16,937,0,1.9
2021-01-17,741,5.5,0.9
2021-01-18,948,0,1.6
2021-01-19,705,3.9,1
2021-01-20,669,0,2.5
2021-01-21,844,0,1.7
2021-01-22,810,4.6,0.9
2021-01-23,763,0,2.4
2021-01-24,437,0,1.1
2021-01-25,425,0,1.1
2021-01-26,694,0,1
2021-01-27,816,0,1.4
2021-01-28,445,0,0.8
2021-01-29,630,0,1.8
2021-01-30,735,0,2.8
2021-01-31,600,0,1.7
2021-02-01,640,0,2.5
2021-02-02,780,0,2.8
2021-02-03,464,0,1.2
2021-02-04,538,0,1.3
2021-02-05,480,0,1.2
2021-02-06,636,0,1.9
2021-02-07,412,0,0.7
2021-02-08,366,0,0.5
2021-02-09,382,0,0.6
2021-02-10,368,0,0.6
2021-02-11,425,0,0.7
2021-02-12,556,0,1.4
2021-02-13,564,0,1.5
2021-02-14,294,0,1.1
2021-02-15,337,0,0.7
2021-02-16,524,0,1.5
2021-02-17,387,0,0.6
2021-02-18,477,0,1.1
2021-02-19,1028,4.7,2.7
2021-02-20,734,5.9,0.9
2021-02-21,417,0,1.2
2021-02-22,861,0,3.6
2021-02-23,782,0,3.5
2021-02-24,684,2.6,1.5
2021-02-25,547,0,1.7
2021-02-26,459,0,1.2
2021-02-27,344,0,1.3
2021-02-28,958,5.1,3
2021-03-01,892,2.8,3.1
2021-03-02,867,5.5,2.4
2021-03-03,714,0,1.3
2021-03-04,835,3.2,2.3
2021-03-05,607,0,2
2021-03-06,649,0,2.2
2021-03-07,705,0,2.2
2021-03-08,485,0,1.5
2021-03-09,905,6.1,1.8
2021-03-10,874,0,0.8
2021-03-11,585,0,1.9
2021-03-12,790,6.3,1.6
2021-03-13,1295,10.7,2.8
2021-03-14,1193,4.1,2.4
2021-03-15,465,0,1.2
2021-03-16,902,5.4,1.4
2021-03-17,674,3.2,1.6
2021-03-18,660,0,3.1
2021-03-19,614,0,2.3
2021-03-20,413,0,0.7
2021-03-21,755,5.2,1.9
2021-03-22,742,0,1.2
2021-03-23,758,0,3
2021-03-24,838,6,2.1
2021-03-25,387,0,0.7
2021-03-26,760,0,3
2021-03-27,651,0,2.1
2021-03-28,1247,10.5,2.5
2021-03-29,577,0,1.8
2021-03-30,727,3.2,2.1
2021-03-31,833,4.9,1.8
2021-04-01,529,0,1.8
2021-04-02,1192,0,4.6
2021-04-03,1012,6.2,2.4
2021-04-04,644,0,2.3
2021-04-05,1038,0,1.9
2021-04-06,964,6.2,2.6
2021-04-07,1140,0,3.1
2021-04-08,611,0,2.6
2021-04-09,778,2.5,1.7
2021-04-10,830,0,1.3
2021-04-11,1164,0,3.5
2021-04-12,546,0,1.7
2021-04-13,770,0,3.2
2021-04-14,904,0,2.6
2021-04-15,712,0,2.4
2021-04-16,1296,5.9,1.5
2021-04-17,1025,0,4.6
2021-04-18,445,0,1.1
2021-04-19,356,0,0.5
2021-04-20,994,5.6,3.4
2021-04-21,664,0,2.7
2021-04-22,419,0,0.6
2021-04-23,424,0,1
2021-04-24,792,0,3.2
2021-04-25,461,0,1.6
2021-04-26,1148,6.1,3
2021-04-27,894,3.1,2.1
2021-04-28,615,0,2.2
2021-04-29,802,0,2.3
2021-04-30,658,0,2.5
2021-05-01,677,0,2.2
2021-05-02,554,0,1.8
2021-05-03,678,0,1.4
2021-05-04,413,0,0.8
2021-05-05,896,0,2.2
2021-05-06,829,0,1.7
2021-05-07,1036,0,2.3
2021-05-08,394,0,1
2021-05-09,436,0,1.3
2021-05-10,598,0,2.1
2021-05-11,1006,0,2.3
2021-05-12,1317,0,4.8
2021-05-13,810,0,3
2021-05-14,563,0,1.9
2021-05-15,564,0,1.4
2021-05-16,728,0,3
2021-05-17,627,0,2.2
2021-05-18,722,0,2.9
2021-05-19,764,0,3.2
2021-05-20,668,0,2.4
2021-05-21,561,0,1.4
2021-05-22,622,0,1.8
2021-05-23,445,0,0.7
2021-05-24,482,0,0.8
2021-05-25,363,0,0.7
2021-05-26,666,0,1.9
2021-05-27,383,0,0.9
2021-05-28,689,0,2.4
2021-05-29,387,0,0.9
2021-05-30,791,0,3.2
2021-05-31,844,0,1.3
2021-06-01,838,0,1.6
2021-06-02,695,0,1.2
2021-06-03,713,0,1.1
2021-06-04,1244,0,3.1
2021-06-05,822,5.2,2.6
2021-06-06,475,0,1.2
2021-06-07,818,0,1.4
2021-06-08,781,4.4,1.4
2021-06-09,1269,0,2.2
2021-06-10,491,0,1.1
2021-06-11,1151,0,3.3
2021-06-12,1707,0,4.3
2021-06-13,994,5.7,2.4
2021-06-14,914,0,1.9
2021-06-15,901,1,2.4
2021-06-16,1138,1.1,2.2
2021-06-17,764,0,1.7
2021-06-18,1238,0,2.9
2021-06-19,441,0,1.1
2021-06-20,1557,13.7,1.7
2021-06-21,891,2.8,1.6
2021-06-22,1223,3.3,3
2021-06-23,487,0,1.3
2021-06-24,1081,0,1.8
2021-06-25,1583,5.3,3.2
2021-06-26,1533,10.2,3.8
2021-06-27,988,9.1,1.8
2021-06-28,833,0,3.3
2021-06-29,875,0,2.1
2021-06-30,869,0,2.1
2021-07-01,1561,0,5.4
2021-07-02,581,0,1.8
2021-07-03,746,0,2.8
2021-07-04,387,0,0.8
2021-07-05,408,0,0.9
2021-07-06,933,0,2.7
2021-07-07,616,0,1.8
2021-07-08,902,2.5,1.7
2021-07-09,958,0,2.5
2021-07-10,1147,4.9,3.6
2021-07-11,732,5.4,1.3
2021-07-12,652,0,1.9
2021-07-13,926,0,3
2021-07-14,742,0,1.5
2021-07-15,585,3,1.1
2021-07-16,457,0,1.1
2021-07-17,1066,2.7,2.5
2021-07-18,128,0,0.3
2021-07-19,575,0,1.9
2021-07-20,538,0,2
2021-07-21,404,0,0.7
2021-07-22,791,0,2
2021-07-23,899,0,2.2
2021-07-24,642,0,1.9
2021-07-25,727,0,2.7
2021-07-26,504,0,1.3
2021-07-27,882,0,3.7
2021-07-28,665,0,1.2
2021-07-29,892,6.2,1.2
2021-07-30,1074,6.1,2.5
2021-07-31,732,0,2.7
2021-08-01,420,0,2.6
2021-08-02,533,0,1.1
2021-08-03,640,0,2.3
2021-08-04,497,0,1.9
2021-08-05,618,0,2.2
2021-08-06,767,0,3.7
2021-08-07,480,0,1.7
2021-08-08,271,0,1.2
2021-08-09,545,0,1.8
2021-08-10,1289,8.3,2.5
2021-08-11,796,3.6,1.8
2021-08-12,605,0,1.5
2021-08-13,776,0,3
2021-08-14,576,0,2.5
2021-08-15,365,0,1.8
2021-08-16,0,0,1.5
2021-08-17,432,0,1
2021-08-18,661,0.9,0.9
2021-08-19,856,0,2.4
2021-08-20,611,0,1.7
2021-08-21,991,0,3.1
2021-08-22,604,0,1.7
2021-08-23,485,0,0.6
2021-08-24,520,0,1
2021-08-25,608,0,1.6
2021-08-26,1132,0,3.8
2021-08-27,579,0,1.3
2021-08-28,1211,0,3.5
2021-08-29,615,0,2.3
2021-08-30,628,0,2.7
2021-08-31,770,0,1.9
2021-09-01,831,4.3,1.8
2021-09-02,911,0,3.8
2021-09-03,973,5.8,1.7
2021-09-04,1045,0,3.9
2021-09-05,1080,8.2,1.4
2021-09-06,865,0,4
2021-09-07,808,5,2.4
2021-09-08,967,7.7,2.1
2021-09-09,740,0,1.8
2021-09-10,562,0,1.9
2021-09-11,807,4.2,1.9
2021-09-12,678,5.1,1.1
2021-09-13,870,4.7,1.9
2021-09-14,1112,0,2.9
2021-09-15,989,6.3,1.8
2021-09-16,727,0,1.6
2021-09-17,607,0,2
2021-09-18,1446,0,3.8
2021-09-19,869,0,3.9
2021-09-20,816,0,2.3
2021-09-21,796,0,3
2021-09-22,1070,3.6,1.9
2021-09-23,915,4.8,2.3
2021-09-24,964,0,1.8
2021-09-25,714,0,2.4
2021-09-26,1454,7.9,4.4
2021-09-27,782,3.9,1.4
2021-09-28,498,0,1.3
2021-09-29,1076,0,4.3
2021-09-30,572,0,1.4
2021-10-01,721,0,2.9
2021-10-02,820,0,3.2
2021-10-03,644,0,1.6
2021-10-04,0,0,1
2021-10-05,781,5.6,0.8
2021-10-06,474,0,1.2
2021-10-07,522,0,1.3
2021-10-08,481,0,1.1
2021-10-09,578,0,1.5
2021-10-10,531,0,1.2
2021-10-11,658,0,3
2021-10-12,390,0,1
2021-10-13,729,4.3,1.6
2021-10-14,375,0,0.5
2021-10-15,476,0,1.2
2021-10-16,1079,5.4,3.7
2021-10-17,1087,6.8,2
2021-10-18,863,3.6,1
2021-10-19,440,0,1.1
2021-10-20,676,3.2,1
2021-10-21,649,0,1.2
2021-10-22,611,0,1.6
2021-10-23,542,0,1.6
2021-10-24,812,6.5,1.2
2021-10-25,835,0,1.8
2021-10-26,691,0,1.2
2021-10-27,614,0,1.1
2021-10-28,791,3.3,1.2
2021-10-29,525,0,1.2
2021-10-30,844,0,1.5
2021-10-31,503,0.6,1.2
2021-11-01,449,0,1.1
2021-11-02,838,1,1.2
2021-11-03,899,5.4,1.6
2021-11-04,658,0,2.1
2021-11-05,863,0,1.5
2021-11-06,553,0,0.9
2021-11-07,1075,0,1.7
2021-11-08,905,0,1.2
2021-11-09,1047,0,1.2
2021-11-10,791,0,1.9
2021-11-11,663,0,2.5
2021-11-12,789,0,2.8
2021-11-13,695,0,2
2021-11-14,333,0,2.2
2021-11-15,362,0,0.8
2021-11-16,394,0,0.9
2021-11-17,474,0,1.4
2021-11-18,1214,0,2.2
2021-11-19,537,0,2.3
2021-11-20,605,0,2.1
2021-11-21,521,0,1.5
2021-11-22,706,0,2.7
2021-11-23,1264,0,2
2021-11-24,1199,0,1.7
2021-11-25,633,2.6,0.8
2021-11-26,506,0,1
2021-11-27,1134,0,2.1
2021-11-28,1061,6.4,1.9
2021-11-29,997,0,2.4
2021-11-30,1066,0,1.6
2021-12-01,986,0,1.4
2021-12-02,633,0,1.7
2021-12-03,1056,0,1.6
2021-12-04,1114,0,2.9
2021-12-05,1286,0,2.6
2021-12-06,819,4.1,2.2
2021-12-07,1141,0,1.6
2021-12-08,504,0,1.5
2021-12-09,695,3.5,1.8
2021-12-10,1284,0,2.8
2021-12-11,1127,0,2.6
2021-12-12,381,0,0.5
2021-12-13,444,0,1.1
2021-12-14,1188,0,1.3
2021-12-15,842,0,2.1
2021-12-16,295,0,0.5
2021-12-17,717,0,2.3
2021-12-18,607,0,1.6
2021-12-19,498,0,1.6
2021-12-20,1067,0,1.8
2021-12-21,1053,0,4.5
2021-12-22,313,0,1.2
2021-12-23,1049,0,2.8
2021-12-24,324,0,0.7
2021-12-25,357,0,0.6
2021-12-26,376,0,0.5
2021-12-27,364,0,0.5
2021-12-28,347,0,0.4
2021-12-29,347,0,0.4
2021-12-30,328,0,0.3
2021-12-31,529,0,1.3
2022-01-01,501,0,1.4
2022-01-02,875,5.5,2.5
2022-01-03,577,0,1.7
2022-01-04,506,0,1.1
2022-01-05,513,0,1.3
2022-01-06,471,0,0.8
2022-01-07,530,0,1.8
2022-01-08,512,0,1.1
2022-01-09,632,0,2.3
2022-01-10,486,0,1.3
2022-01-11,954,0,1.4
2022-01-12,558,0,1.1
2022-01-13,468,0,1
2022-01-14,742,0,1.1
2022-01-15,838,3.9,2.5
2022-01-16,1026,0,2.4
2022-01-17,716,0,2
2022-01-18,822,0,1.4
2022-01-19,1021,0,2.1
2022-01-20,730,0,2.1
2022-01-21,880,0,1.6
2022-01-22,1390,0,3.3
2022-01-23,578,0,1.5
2022-01-24,782,4.3,1.1
2022-01-25,911,0,1.4
2022-01-26,988,0,1.8
2022-01-27,644,3.6,1.1
2022-01-28,837,0,1.8
2022-01-29,946,0,1.5
2022-01-30,977,4.9,2.1
2022-01-31,556,0,1.6
2022-02-01,1027,0,1.7
2022-02-02,792,0,1.6
2022-02-03,640,3.3,1.3
2022-02-04,783,3.5,1.9
2022-02-05,860,0,2.1
2022-02-06,1129,1.5,2.9
2022-02-07,808,5.6,1.2
2022-02-08,712,0,1.9
2022-02-09,954,5.8,2.9
2022-02-10,814,0,2.2
2022-02-11,942,1.1,1.7
2022-02-12,654,0,2.1
2022-02-13,797,1.3,1.8
2022-02-14,471,0,0.9
2022-02-15,973,0,1.7
2022-02-16,903,0,1.8
2022-02-17,612,0,2.1
2022-02-18,848,0,2.8
2022-02-19,844,0,2.4
2022-02-20,934,0,1.9
2022-02-21,1004,0,2.1
2022-02-22,859,0,2.5
2022-02-23,1076,0,2.2
2022-02-24,597,0,1.9
2022-02-25,845,0,2.3
2022-02-26,747,0,2.5
2022-02-27,627,0,1.6
2022-02-28,576,0,1.3
2022-03-01,138,0,1.8
2022-03-02,431,0,0.9
2022-03-03,618,0,0.6
2022-03-04,475,0,1.2
2022-03-05,512,0,1.3
2022-03-06,836,0,1.6
